Algorithm,Mean_Eff,Std_Eff,Best_Eff,Avg_Time,Feasible_Rate
Local Search,0.70000594623011,0.00445768013588668,0.7076418485965121,1103.3902109384537,1.0
Genetic Algorithm,0.6936868760732836,0.0032360191537759045,0.6998555720051756,2036.2979064226151,1.0
Tabu Search,0.6924914326606786,0.0029372174411069403,0.6992596870785263,1104.67045545578,1.0
Variable Neighborhood Search,0.6893183161224303,0.0036370392201090164,0.6972923040793049,1284.4797460079194,1.0
Random Search,0.6590634580621534,0.0042510712589161614,0.6687502254912662,16692.87651412487,1.0
Hill Climbing,0.6579069501440723,0.011095414018527431,0.6717397106306469,3.6767369429270427,1.0
Greedy,0.5895432218747166,,0.5895432218747166,0.0058825016021728516,1.0
